{
  "ports": [
    {"id": "aruba", "name": "Aruba", "lat": 12.5211, "lon": -69.9683, "url": "/ports/aruba.html", "region": "Caribbean"},
    {"id": "bonaire", "name": "Bonaire", "lat": 12.1696, "lon": -68.2900, "url": "/ports/bonaire.html", "region": "Caribbean"},
    {"id": "curacao", "name": "Curaçao", "lat": 12.1696, "lon": -68.9900, "url": "/ports/curacao.html", "region": "Caribbean"},
    {"id": "cococay", "name": "CocoCay", "lat": 25.7617, "lon": -77.9539, "url": "/ports/cococay.html", "region": "Caribbean"},
    {"id": "nassau", "name": "Nassau", "lat": 25.0480, "lon": -77.3554, "url": "/ports/nassau.html", "region": "Caribbean"},
    {"id": "labadee", "name": "Labadee", "lat": 19.7808, "lon": -72.2484, "url": "/ports/labadee.html", "region": "Caribbean"},
    {"id": "cozumel", "name": "Cozumel", "lat": 20.4318, "lon": -86.9203, "url": "/ports/cozumel.html", "region": "Caribbean"},
    {"id": "costa-maya", "name": "Costa Maya", "lat": 18.7167, "lon": -87.6833, "url": "/ports/costa-maya.html", "region": "Caribbean"},
    {"id": "jamaica", "name": "Falmouth (Jamaica)", "lat": 18.4940, "lon": -77.6554, "url": "/ports/jamaica.html", "region": "Caribbean"},
    {"id": "grand-cayman", "name": "Grand Cayman", "lat": 19.2869, "lon": -81.3674, "url": "/ports/grand-cayman.html", "region": "Caribbean"},
    {"id": "roatan", "name": "Roatán", "lat": 16.3167, "lon": -86.5333, "url": "/ports/roatan.html", "region": "Caribbean"},
    {"id": "belize", "name": "Belize City", "lat": 17.4985, "lon": -88.1892, "url": "/ports/belize.html", "region": "Caribbean"},
    {"id": "san-juan", "name": "San Juan", "lat": 18.4655, "lon": -66.1057, "url": "/ports/san-juan.html", "region": "Caribbean"},
    {"id": "st-thomas", "name": "St. Thomas", "lat": 18.3358, "lon": -64.8963, "url": "/ports/st-thomas.html", "region": "Caribbean"},
    {"id": "st-maarten", "name": "St. Maarten", "lat": 18.0237, "lon": -63.0458, "url": "/ports/st-maarten.html", "region": "Caribbean"},
    {"id": "st-kitts", "name": "St. Kitts", "lat": 17.3026, "lon": -62.7177, "url": "/ports/st-kitts.html", "region": "Caribbean"},
    {"id": "antigua", "name": "Antigua", "lat": 17.1175, "lon": -61.8456, "url": "/ports/antigua.html", "region": "Caribbean"},
    {"id": "dominica", "name": "Dominica", "lat": 15.4150, "lon": -61.3710, "url": "/ports/dominica.html", "region": "Caribbean"},
    {"id": "martinique", "name": "Martinique", "lat": 14.6415, "lon": -61.0242, "url": "/ports/martinique.html", "region": "Caribbean"},
    {"id": "guadeloupe", "name": "Guadeloupe", "lat": 16.2650, "lon": -61.5510, "url": "/ports/guadeloupe.html", "region": "Caribbean"},
    {"id": "barbados", "name": "Barbados", "lat": 13.1939, "lon": -59.5432, "url": "/ports/barbados.html", "region": "Caribbean"},
    {"id": "grenada", "name": "Grenada", "lat": 12.0523, "lon": -61.7505, "url": "/ports/grenada.html", "region": "Caribbean"},
    {"id": "tortola", "name": "Tortola", "lat": 18.4264, "lon": -64.6209, "url": "/ports/tortola.html", "region": "Caribbean"},
    {"id": "virgin-gorda", "name": "Virgin Gorda", "lat": 18.4547, "lon": -64.4286, "url": "/ports/virgin-gorda.html", "region": "Caribbean"},
    {"id": "grand-turk", "name": "Grand Turk", "lat": 21.4674, "lon": -71.1389, "url": "/ports/grand-turk.html", "region": "Caribbean"},
    {"id": "samana", "name": "Samaná", "lat": 19.2059, "lon": -69.3363, "url": "/ports/samana.html", "region": "Caribbean"},
    {"id": "cartagena", "name": "Cartagena", "lat": 10.3910, "lon": -75.4794, "url": "/ports/cartagena.html", "region": "Caribbean"},
    {"id": "progreso", "name": "Progreso", "lat": 21.2833, "lon": -89.6667, "url": "/ports/progreso.html", "region": "Caribbean"},
    {"id": "key-west", "name": "Key West", "lat": 24.5551, "lon": -81.7800, "url": "/ports/key-west.html", "region": "Caribbean"},
    {"id": "bermuda", "name": "Bermuda", "lat": 32.3078, "lon": -64.7505, "url": "/ports/bermuda.html", "region": "Caribbean"},
    {"id": "barcelona", "name": "Barcelona", "lat": 41.3851, "lon": 2.1734, "url": "/ports/barcelona.html", "region": "Mediterranean"},
    {"id": "civitavecchia", "name": "Civitavecchia (Rome)", "lat": 42.0935, "lon": 11.7958, "url": "/ports/civitavecchia.html", "region": "Mediterranean"},
    {"id": "naples", "name": "Naples", "lat": 40.8518, "lon": 14.2681, "url": "/ports/naples.html", "region": "Mediterranean"},
    {"id": "marseille", "name": "Marseille", "lat": 43.2965, "lon": 5.3698, "url": "/ports/marseille.html", "region": "Mediterranean"},
    {"id": "villefranche", "name": "Villefranche", "lat": 43.7046, "lon": 7.3117, "url": "/ports/villefranche.html", "region": "Mediterranean"},
    {"id": "monte-carlo", "name": "Monte Carlo", "lat": 43.7384, "lon": 7.4246, "url": "/ports/monte-carlo.html", "region": "Mediterranean"},
    {"id": "cannes", "name": "Cannes", "lat": 43.5528, "lon": 7.0174, "url": "/ports/cannes.html", "region": "Mediterranean"},
    {"id": "livorno", "name": "Livorno (Florence)", "lat": 43.5485, "lon": 10.3106, "url": "/ports/livorno.html", "region": "Mediterranean"},
    {"id": "genoa", "name": "Genoa", "lat": 44.4056, "lon": 8.9463, "url": "/ports/genoa.html", "region": "Mediterranean"},
    {"id": "venice", "name": "Venice", "lat": 45.4408, "lon": 12.3155, "url": "/ports/venice.html", "region": "Mediterranean"},
    {"id": "dubrovnik", "name": "Dubrovnik", "lat": 42.6507, "lon": 18.0944, "url": "/ports/dubrovnik.html", "region": "Mediterranean"},
    {"id": "kotor", "name": "Kotor", "lat": 42.4247, "lon": 18.7712, "url": "/ports/kotor.html", "region": "Mediterranean"},
    {"id": "santorini", "name": "Santorini", "lat": 36.3932, "lon": 25.4615, "url": "/ports/santorini.html", "region": "Mediterranean"},
    {"id": "mykonos", "name": "Mykonos", "lat": 37.4467, "lon": 25.3289, "url": "/ports/mykonos.html", "region": "Mediterranean"},
    {"id": "athens", "name": "Athens (Piraeus)", "lat": 37.9438, "lon": 23.6460, "url": "/ports/athens.html", "region": "Mediterranean"},
    {"id": "rhodes", "name": "Rhodes", "lat": 36.4349, "lon": 28.2176, "url": "/ports/rhodes.html", "region": "Mediterranean"},
    {"id": "kusadasi", "name": "Kusadasi (Ephesus)", "lat": 37.8579, "lon": 27.2610, "url": "/ports/kusadasi.html", "region": "Mediterranean"},
    {"id": "lisbon", "name": "Lisbon", "lat": 38.7223, "lon": -9.1393, "url": "/ports/lisbon.html", "region": "Mediterranean"},
    {"id": "gibraltar", "name": "Gibraltar", "lat": 36.1408, "lon": -5.3536, "url": "/ports/gibraltar.html", "region": "Mediterranean"},
    {"id": "malaga", "name": "Málaga", "lat": 36.7213, "lon": -4.4214, "url": "/ports/malaga.html", "region": "Mediterranean"},
    {"id": "cadiz", "name": "Cádiz", "lat": 36.5271, "lon": -6.2886, "url": "/ports/cadiz.html", "region": "Mediterranean"},
    {"id": "palma", "name": "Palma de Mallorca", "lat": 39.5696, "lon": 2.6502, "url": "/ports/palma.html", "region": "Mediterranean"},
    {"id": "ibiza", "name": "Ibiza", "lat": 38.9067, "lon": 1.4206, "url": "/ports/ibiza.html", "region": "Mediterranean"},
    {"id": "valencia", "name": "Valencia", "lat": 39.4699, "lon": -0.3763, "url": "/ports/valencia.html", "region": "Mediterranean"},
    {"id": "southampton", "name": "Southampton", "lat": 50.9097, "lon": -1.4044, "url": "/ports/southampton.html", "region": "Northern Europe"},
    {"id": "dover", "name": "Dover", "lat": 51.1279, "lon": 1.3134, "url": "/ports/dover.html", "region": "Northern Europe"},
    {"id": "amsterdam", "name": "Amsterdam", "lat": 52.3676, "lon": 4.9041, "url": "/ports/amsterdam.html", "region": "Northern Europe"},
    {"id": "copenhagen", "name": "Copenhagen", "lat": 55.6761, "lon": 12.5683, "url": "/ports/copenhagen.html", "region": "Northern Europe"},
    {"id": "stockholm", "name": "Stockholm", "lat": 59.3293, "lon": 18.0686, "url": "/ports/stockholm.html", "region": "Northern Europe"},
    {"id": "helsinki", "name": "Helsinki", "lat": 60.1699, "lon": 24.9384, "url": "/ports/helsinki.html", "region": "Northern Europe"},
    {"id": "st-petersburg", "name": "St. Petersburg", "lat": 59.9311, "lon": 30.3609, "url": "/ports/st-petersburg.html", "region": "Northern Europe"},
    {"id": "tallinn", "name": "Tallinn", "lat": 59.4370, "lon": 24.7536, "url": "/ports/tallinn.html", "region": "Northern Europe"},
    {"id": "bergen", "name": "Bergen", "lat": 60.3913, "lon": 5.3221, "url": "/ports/bergen.html", "region": "Northern Europe"},
    {"id": "oslo", "name": "Oslo", "lat": 59.9139, "lon": 10.7522, "url": "/ports/oslo.html", "region": "Northern Europe"},
    {"id": "reykjavik", "name": "Reykjavik", "lat": 64.1466, "lon": -21.9426, "url": "/ports/reykjavik.html", "region": "Northern Europe"},
    {"id": "dublin", "name": "Dublin", "lat": 53.3498, "lon": -6.2603, "url": "/ports/dublin.html", "region": "Northern Europe"},
    {"id": "juneau", "name": "Juneau", "lat": 58.3019, "lon": -134.4197, "url": "/ports/juneau.html", "region": "Alaska"},
    {"id": "ketchikan", "name": "Ketchikan", "lat": 55.3422, "lon": -131.6461, "url": "/ports/ketchikan.html", "region": "Alaska"},
    {"id": "skagway", "name": "Skagway", "lat": 59.4583, "lon": -135.3139, "url": "/ports/skagway.html", "region": "Alaska"},
    {"id": "sitka", "name": "Sitka", "lat": 57.0531, "lon": -135.3300, "url": "/ports/sitka.html", "region": "Alaska"},
    {"id": "glacier-bay", "name": "Glacier Bay", "lat": 58.5000, "lon": -136.0000, "url": "/ports/glacier-bay.html", "region": "Alaska"},
    {"id": "seward", "name": "Seward", "lat": 60.1042, "lon": -149.4422, "url": "/ports/seward.html", "region": "Alaska"},
    {"id": "whittier", "name": "Whittier", "lat": 60.7733, "lon": -148.6789, "url": "/ports/whittier.html", "region": "Alaska"},
    {"id": "icy-strait-point", "name": "Icy Strait Point", "lat": 58.1333, "lon": -135.4333, "url": "/ports/icy-strait-point.html", "region": "Alaska"},
    {"id": "anchorage", "name": "Anchorage", "lat": 61.2181, "lon": -149.9003, "url": "/ports/anchorage.html", "region": "Alaska"},
    {"id": "victoria-bc", "name": "Victoria (BC)", "lat": 48.4284, "lon": -123.3656, "url": "/ports/victoria-bc.html", "region": "Alaska"},
    {"id": "honolulu", "name": "Honolulu", "lat": 21.3069, "lon": -157.8583, "url": "/ports/honolulu.html", "region": "Hawaii"},
    {"id": "maui", "name": "Maui", "lat": 20.7984, "lon": -156.3319, "url": "/ports/maui.html", "region": "Hawaii"},
    {"id": "kona", "name": "Kona", "lat": 19.6400, "lon": -155.9969, "url": "/ports/kona.html", "region": "Hawaii"},
    {"id": "hilo", "name": "Hilo", "lat": 19.7297, "lon": -155.0900, "url": "/ports/hilo.html", "region": "Hawaii"},
    {"id": "nawiliwili", "name": "Nawiliwili (Kauai)", "lat": 21.9545, "lon": -159.3561, "url": "/ports/nawiliwili.html", "region": "Hawaii"},
    {"id": "sydney", "name": "Sydney", "lat": -33.8688, "lon": 151.2093, "url": "/ports/sydney.html", "region": "Australia"},
    {"id": "auckland", "name": "Auckland", "lat": -36.8485, "lon": 174.7633, "url": "/ports/auckland.html", "region": "Australia"},
    {"id": "singapore", "name": "Singapore", "lat": 1.3521, "lon": 103.8198, "url": "/ports/singapore.html", "region": "Asia"},
    {"id": "hong-kong", "name": "Hong Kong", "lat": 22.3193, "lon": 114.1694, "url": "/ports/hong-kong.html", "region": "Asia"},
    {"id": "tokyo", "name": "Tokyo", "lat": 35.6762, "lon": 139.6503, "url": "/ports/tokyo.html", "region": "Asia"},
    {"id": "boston", "name": "Boston", "lat": 42.3601, "lon": -71.0589, "url": "/ports/boston.html", "region": "New England"},
    {"id": "portland-maine", "name": "Portland (Maine)", "lat": 43.6591, "lon": -70.2568, "url": "/ports/portland-maine.html", "region": "New England"},
    {"id": "bar-harbor", "name": "Bar Harbor", "lat": 44.3876, "lon": -68.2039, "url": "/ports/bar-harbor.html", "region": "New England"},
    {"id": "halifax", "name": "Halifax", "lat": 44.6488, "lon": -63.5752, "url": "/ports/halifax.html", "region": "New England"},
    {"id": "quebec-city", "name": "Quebec City", "lat": 46.8139, "lon": -71.2080, "url": "/ports/quebec-city.html", "region": "New England"},
    {"id": "amber-cove", "name": "Amber Cove", "lat": 19.7750, "lon": -70.6000, "url": "/ports/amber-cove.html", "region": "Caribbean"},
    {"id": "st-lucia", "name": "St. Lucia", "lat": 14.0161, "lon": -61.0000, "url": "/ports/st-lucia.html", "region": "Caribbean"},
    {"id": "hubbard-glacier", "name": "Hubbard Glacier", "lat": 60.0000, "lon": -139.5000, "url": "/ports/hubbard-glacier.html", "region": "Alaska"},
    {"id": "endicott-arm", "name": "Endicott Arm", "lat": 57.7200, "lon": -133.4000, "url": "/ports/endicott-arm.html", "region": "Alaska"},
    {"id": "istanbul", "name": "Istanbul", "lat": 41.0255, "lon": 28.9741, "url": "/ports/istanbul.html", "region": "Mediterranean"},
    {"id": "la-spezia", "name": "La Spezia", "lat": 44.1024, "lon": 9.8244, "url": "/ports/la-spezia.html", "region": "Mediterranean"},
    {"id": "flam", "name": "Flåm", "lat": 60.8628, "lon": 7.1142, "url": "/ports/flam.html", "region": "Northern Europe"},
    {"id": "geiranger", "name": "Geiranger", "lat": 62.1008, "lon": 7.2058, "url": "/ports/geiranger.html", "region": "Northern Europe"},
    {"id": "cabo-san-lucas", "name": "Cabo San Lucas", "lat": 22.8905, "lon": -109.9167, "url": "/ports/cabo-san-lucas.html", "region": "Mexican Riviera"},
    {"id": "ensenada", "name": "Ensenada", "lat": 31.8667, "lon": -116.6167, "url": "/ports/ensenada.html", "region": "Mexican Riviera"},
    {"id": "mazatlan", "name": "Mazatlán", "lat": 23.2200, "lon": -106.4200, "url": "/ports/mazatlan.html", "region": "Mexican Riviera"},
    {"id": "dubai", "name": "Dubai", "lat": 25.2697, "lon": 55.2708, "url": "/ports/dubai.html", "region": "Middle East"},
    {"id": "abu-dhabi", "name": "Abu Dhabi", "lat": 24.4764, "lon": 54.3667, "url": "/ports/abu-dhabi.html", "region": "Middle East"},
    {"id": "puerto-vallarta", "name": "Puerto Vallarta", "lat": 20.6534, "lon": -105.2253, "url": "/ports/puerto-vallarta.html", "region": "Mexican Riviera"},
    {"id": "osaka", "name": "Osaka", "lat": 34.6937, "lon": 135.5023, "url": "/ports/osaka.html", "region": "Asia"},
    {"id": "busan", "name": "Busan", "lat": 35.1796, "lon": 129.0756, "url": "/ports/busan.html", "region": "Asia"},
    {"id": "phuket", "name": "Phuket", "lat": 7.8804, "lon": 98.3923, "url": "/ports/phuket.html", "region": "Asia"},
    {"id": "adelaide", "name": "Adelaide", "lat": -34.9285, "lon": 138.6007, "url": "/ports/adelaide.html", "region": "Australia"},
    {"id": "cairns", "name": "Cairns", "lat": -16.9186, "lon": 145.7781, "url": "/ports/cairns.html", "region": "Australia"},
    {"id": "hobart", "name": "Hobart", "lat": -42.8821, "lon": 147.3272, "url": "/ports/hobart.html", "region": "Australia"},
    {"id": "fremantle", "name": "Fremantle", "lat": -32.0569, "lon": 115.7439, "url": "/ports/fremantle.html", "region": "Australia"},
    {"id": "bora-bora", "name": "Bora Bora", "lat": -16.5004, "lon": -151.7415, "url": "/ports/bora-bora.html", "region": "South Pacific"},
    {"id": "papeete", "name": "Papeete", "lat": -17.5516, "lon": -149.5585, "url": "/ports/papeete.html", "region": "South Pacific"},
    {"id": "wellington", "name": "Wellington", "lat": -41.2866, "lon": 174.7756, "url": "/ports/wellington.html", "region": "Australia"},
    {"id": "nagasaki", "name": "Nagasaki", "lat": 32.7503, "lon": 129.8777, "url": "/ports/nagasaki.html", "region": "Asia"},
    {"id": "ho-chi-minh-city", "name": "Ho Chi Minh City", "lat": 10.7769, "lon": 106.7009, "url": "/ports/ho-chi-minh-city.html", "region": "Asia"},
    {"id": "muscat", "name": "Muscat", "lat": 23.5880, "lon": 58.3829, "url": "/ports/muscat.html", "region": "Middle East"},
    {"id": "salalah", "name": "Salalah", "lat": 17.0151, "lon": 54.0924, "url": "/ports/salalah.html", "region": "Middle East"},
    {"id": "aqaba", "name": "Aqaba", "lat": 29.5267, "lon": 35.0078, "url": "/ports/aqaba.html", "region": "Middle East"},
    {"id": "safaga", "name": "Safaga", "lat": 26.7333, "lon": 33.9333, "url": "/ports/safaga.html", "region": "Middle East"},
    {"id": "lyttelton", "name": "Lyttelton", "lat": -43.6036, "lon": 172.7194, "url": "/ports/lyttelton.html", "region": "Australia"},
    {"id": "dunedin", "name": "Dunedin", "lat": -45.8788, "lon": 170.5028, "url": "/ports/dunedin.html", "region": "Australia"},
    {"id": "fukuoka", "name": "Fukuoka", "lat": 33.5902, "lon": 130.4017, "url": "/ports/fukuoka.html", "region": "Asia"},
    {"id": "penang", "name": "Penang", "lat": 5.4164, "lon": 100.3327, "url": "/ports/penang.html", "region": "Asia"},
    {"id": "da-nang", "name": "Da Nang", "lat": 16.0544, "lon": 108.2022, "url": "/ports/da-nang.html", "region": "Asia"},
    {"id": "cape-town", "name": "Cape Town", "lat": -33.9249, "lon": 18.4241, "url": "/ports/cape-town.html", "region": "Africa"},
    {"id": "tauranga", "name": "Tauranga", "lat": -37.6878, "lon": 176.1651, "url": "/ports/tauranga.html", "region": "Australia"},
    {"id": "ajaccio", "name": "Ajaccio", "lat": 41.9192, "lon": 8.7386, "url": "/ports/ajaccio.html", "region": "Mediterranean"},
    {"id": "alesund", "name": "Ålesund", "lat": 62.4723, "lon": 6.1495, "url": "/ports/alesund.html", "region": "Northern Europe"},
    {"id": "amalfi", "name": "Amalfi", "lat": 40.6340, "lon": 14.6027, "url": "/ports/amalfi.html", "region": "Mediterranean"},
    {"id": "bali", "name": "Bali", "lat": -8.4095, "lon": 115.1889, "url": "/ports/bali.html", "region": "Asia"},
    {"id": "baltimore", "name": "Baltimore", "lat": 39.2856, "lon": -76.6078, "url": "/ports/baltimore.html", "region": "US Atlantic"},
    {"id": "bangkok", "name": "Bangkok (Laem Chabang)", "lat": 13.0827, "lon": 100.8844, "url": "/ports/bangkok.html", "region": "Asia"},
    {"id": "belfast", "name": "Belfast", "lat": 54.5973, "lon": -5.9301, "url": "/ports/belfast.html", "region": "Northern Europe"},
    {"id": "bilbao", "name": "Bilbao", "lat": 43.2627, "lon": -2.9253, "url": "/ports/bilbao.html", "region": "Northern Europe"},
    {"id": "bordeaux", "name": "Bordeaux", "lat": 44.8378, "lon": -0.5792, "url": "/ports/bordeaux.html", "region": "Atlantic Europe"},
    {"id": "brisbane", "name": "Brisbane", "lat": -27.4698, "lon": 153.0251, "url": "/ports/brisbane.html", "region": "Australia"},
    {"id": "cagliari", "name": "Cagliari", "lat": 39.2238, "lon": 9.1217, "url": "/ports/cagliari.html", "region": "Mediterranean"},
    {"id": "cape-liberty", "name": "Cape Liberty", "lat": 40.6689, "lon": -74.0445, "url": "/ports/cape-liberty.html", "region": "US Atlantic"},
    {"id": "cartagena-spain", "name": "Cartagena (Spain)", "lat": 37.6000, "lon": -0.9833, "url": "/ports/cartagena-spain.html", "region": "Mediterranean"},
    {"id": "casablanca", "name": "Casablanca", "lat": 33.5731, "lon": -7.5898, "url": "/ports/casablanca.html", "region": "Africa"},
    {"id": "charlottetown", "name": "Charlottetown", "lat": 46.2382, "lon": -63.1311, "url": "/ports/charlottetown.html", "region": "New England"},
    {"id": "cherbourg", "name": "Cherbourg", "lat": 49.6337, "lon": -1.6221, "url": "/ports/cherbourg.html", "region": "Northern Europe"},
    {"id": "corfu", "name": "Corfu", "lat": 39.6243, "lon": 19.9217, "url": "/ports/corfu.html", "region": "Mediterranean"},
    {"id": "cork", "name": "Cork (Cobh)", "lat": 51.8503, "lon": -8.2943, "url": "/ports/cork.html", "region": "Northern Europe"},
    {"id": "galveston", "name": "Galveston", "lat": 29.3013, "lon": -94.7977, "url": "/ports/galveston.html", "region": "Gulf of Mexico"},
    {"id": "gdansk", "name": "Gdańsk", "lat": 54.3520, "lon": 18.6466, "url": "/ports/gdansk.html", "region": "Northern Europe"},
    {"id": "gothenburg", "name": "Gothenburg", "lat": 57.7089, "lon": 11.9746, "url": "/ports/gothenburg.html", "region": "Northern Europe"},
    {"id": "haines", "name": "Haines", "lat": 59.2358, "lon": -135.4457, "url": "/ports/haines.html", "region": "Alaska"},
    {"id": "heraklion", "name": "Heraklion", "lat": 35.3387, "lon": 25.1442, "url": "/ports/heraklion.html", "region": "Mediterranean"},
    {"id": "holyhead", "name": "Holyhead", "lat": 53.3094, "lon": -4.6325, "url": "/ports/holyhead.html", "region": "Northern Europe"},
    {"id": "honfleur", "name": "Honfleur", "lat": 49.4181, "lon": 0.2331, "url": "/ports/honfleur.html", "region": "Northern Europe"},
    {"id": "invergordon", "name": "Invergordon", "lat": 57.6889, "lon": -4.1697, "url": "/ports/invergordon.html", "region": "Northern Europe"},
    {"id": "kiel", "name": "Kiel", "lat": 54.3233, "lon": 10.1228, "url": "/ports/kiel.html", "region": "Northern Europe"},
    {"id": "kirkwall", "name": "Kirkwall", "lat": 58.9809, "lon": -2.9606, "url": "/ports/kirkwall.html", "region": "Northern Europe"},
    {"id": "koper", "name": "Koper", "lat": 45.5469, "lon": 13.7294, "url": "/ports/koper.html", "region": "Mediterranean"},
    {"id": "la-coruna", "name": "La Coruña", "lat": 43.3623, "lon": -8.4115, "url": "/ports/la-coruna.html", "region": "Atlantic Europe"},
    {"id": "le-havre", "name": "Le Havre", "lat": 49.4944, "lon": 0.1079, "url": "/ports/le-havre.html", "region": "Northern Europe"},
    {"id": "lerwick", "name": "Lerwick", "lat": 60.1539, "lon": -1.1450, "url": "/ports/lerwick.html", "region": "Northern Europe"},
    {"id": "liverpool", "name": "Liverpool", "lat": 53.4084, "lon": -2.9916, "url": "/ports/liverpool.html", "region": "Northern Europe"},
    {"id": "los-angeles", "name": "Los Angeles", "lat": 33.7361, "lon": -118.2922, "url": "/ports/los-angeles.html", "region": "US Pacific"},
    {"id": "melbourne", "name": "Melbourne", "lat": -37.8136, "lon": 144.9631, "url": "/ports/melbourne.html", "region": "Australia"},
    {"id": "messina", "name": "Messina", "lat": 38.1938, "lon": 15.5540, "url": "/ports/messina.html", "region": "Mediterranean"},
    {"id": "mobile", "name": "Mobile", "lat": 30.6954, "lon": -88.0399, "url": "/ports/mobile.html", "region": "Gulf of Mexico"},
    {"id": "new-orleans", "name": "New Orleans", "lat": 29.9511, "lon": -90.0715, "url": "/ports/new-orleans.html", "region": "Gulf of Mexico"},
    {"id": "newcastle", "name": "Newcastle", "lat": 54.9783, "lon": -1.6178, "url": "/ports/newcastle.html", "region": "Northern Europe"},
    {"id": "newport", "name": "Newport", "lat": 41.4901, "lon": -71.3128, "url": "/ports/newport.html", "region": "New England"},
    {"id": "norwegian-fjords", "name": "Norwegian Fjords", "lat": 61.5000, "lon": 6.5000, "url": "/ports/norwegian-fjords.html", "region": "Northern Europe"},
    {"id": "panama-canal", "name": "Panama Canal", "lat": 9.0800, "lon": -79.6800, "url": "/ports/panama-canal.html", "region": "Central America"},
    {"id": "port-canaveral", "name": "Port Canaveral", "lat": 28.4089, "lon": -80.6301, "url": "/ports/port-canaveral.html", "region": "Caribbean"},
    {"id": "port-everglades", "name": "Port Everglades", "lat": 26.0893, "lon": -80.1117, "url": "/ports/port-everglades.html", "region": "Caribbean"},
    {"id": "port-miami", "name": "Port Miami", "lat": 25.7745, "lon": -80.1697, "url": "/ports/port-miami.html", "region": "Caribbean"},
    {"id": "portland", "name": "Portland (Oregon)", "lat": 45.5152, "lon": -122.6784, "url": "/ports/portland.html", "region": "US Pacific"},
    {"id": "porto", "name": "Porto", "lat": 41.1579, "lon": -8.6291, "url": "/ports/porto.html", "region": "Atlantic Europe"},
    {"id": "ravenna", "name": "Ravenna", "lat": 44.4184, "lon": 12.2035, "url": "/ports/ravenna.html", "region": "Mediterranean"},
    {"id": "riga", "name": "Riga", "lat": 56.9496, "lon": 24.1052, "url": "/ports/riga.html", "region": "Northern Europe"},
    {"id": "saguenay", "name": "Saguenay", "lat": 48.4279, "lon": -71.0690, "url": "/ports/saguenay.html", "region": "New England"},
    {"id": "saint-john", "name": "Saint John", "lat": 45.2733, "lon": -66.0633, "url": "/ports/saint-john.html", "region": "New England"},
    {"id": "san-diego", "name": "San Diego", "lat": 32.7157, "lon": -117.1611, "url": "/ports/san-diego.html", "region": "US Pacific"},
    {"id": "scotland", "name": "Scotland", "lat": 56.4907, "lon": -4.2026, "url": "/ports/scotland.html", "region": "Northern Europe"},
    {"id": "seattle", "name": "Seattle", "lat": 47.6062, "lon": -122.3321, "url": "/ports/seattle.html", "region": "US Pacific"},
    {"id": "shanghai", "name": "Shanghai", "lat": 31.2304, "lon": 121.4737, "url": "/ports/shanghai.html", "region": "Asia"},
    {"id": "south-pacific", "name": "South Pacific", "lat": -17.0000, "lon": -149.0000, "url": "/ports/south-pacific.html", "region": "South Pacific"},
    {"id": "split", "name": "Split", "lat": 43.5081, "lon": 16.4402, "url": "/ports/split.html", "region": "Mediterranean"},
    {"id": "stavanger", "name": "Stavanger", "lat": 58.9700, "lon": 5.7331, "url": "/ports/stavanger.html", "region": "Northern Europe"},
    {"id": "sydney-ns", "name": "Sydney (Nova Scotia)", "lat": 46.1367, "lon": -60.1942, "url": "/ports/sydney-ns.html", "region": "New England"},
    {"id": "tampa", "name": "Tampa", "lat": 27.9506, "lon": -82.4572, "url": "/ports/tampa.html", "region": "Gulf of Mexico"},
    {"id": "tangier", "name": "Tangier", "lat": 35.7595, "lon": -5.8340, "url": "/ports/tangier.html", "region": "Africa"},
    {"id": "taormina", "name": "Taormina", "lat": 37.8516, "lon": 15.2853, "url": "/ports/taormina.html", "region": "Mediterranean"},
    {"id": "tracy-arm", "name": "Tracy Arm", "lat": 57.8500, "lon": -133.6167, "url": "/ports/tracy-arm.html", "region": "Alaska"},
    {"id": "trieste", "name": "Trieste", "lat": 45.6495, "lon": 13.7768, "url": "/ports/trieste.html", "region": "Mediterranean"},
    {"id": "tromso", "name": "Tromsø", "lat": 69.6496, "lon": 18.9560, "url": "/ports/tromso.html", "region": "Northern Europe"},
    {"id": "tunis", "name": "Tunis", "lat": 36.8190, "lon": 10.1658, "url": "/ports/tunis.html", "region": "Mediterranean"},
    {"id": "valletta", "name": "Valletta", "lat": 35.8989, "lon": 14.5146, "url": "/ports/valletta.html", "region": "Mediterranean"},
    {"id": "vancouver", "name": "Vancouver", "lat": 49.2827, "lon": -123.1207, "url": "/ports/vancouver.html", "region": "US Pacific"},
    {"id": "vigo", "name": "Vigo", "lat": 42.2406, "lon": -8.7207, "url": "/ports/vigo.html", "region": "Atlantic Europe"},
    {"id": "warnemunde", "name": "Warnemünde", "lat": 54.1781, "lon": 12.0853, "url": "/ports/warnemunde.html", "region": "Northern Europe"},
    {"id": "waterford", "name": "Waterford", "lat": 52.2593, "lon": -7.1101, "url": "/ports/waterford.html", "region": "Northern Europe"},
    {"id": "zadar", "name": "Zadar", "lat": 44.1194, "lon": 15.2314, "url": "/ports/zadar.html", "region": "Mediterranean"},
    {"id": "zeebrugge", "name": "Zeebrugge", "lat": 51.3294, "lon": 3.1753, "url": "/ports/zeebrugge.html", "region": "Northern Europe"},
    {"id": "rio-de-janeiro", "name": "Rio de Janeiro", "lat": -22.9068, "lon": -43.1729, "url": "/ports/rio-de-janeiro.html", "region": "South America"},
    {"id": "buenos-aires", "name": "Buenos Aires", "lat": -34.6037, "lon": -58.3816, "url": "/ports/buenos-aires.html", "region": "South America"},
    {"id": "funchal", "name": "Funchal", "lat": 32.6669, "lon": -16.9241, "url": "/ports/funchal.html", "region": "Atlantic Europe"},
    {"id": "tenerife", "name": "Tenerife", "lat": 28.4636, "lon": -16.2518, "url": "/ports/tenerife.html", "region": "Atlantic Europe"},
    {"id": "ushuaia", "name": "Ushuaia", "lat": -54.8019, "lon": -68.3030, "url": "/ports/ushuaia.html", "region": "South America"},
    {"id": "montevideo", "name": "Montevideo", "lat": -34.9011, "lon": -56.1645, "url": "/ports/montevideo.html", "region": "South America"},
    {"id": "valparaiso", "name": "Valparaíso", "lat": -33.0472, "lon": -71.6127, "url": "/ports/valparaiso.html", "region": "South America"},
    {"id": "edinburgh", "name": "Edinburgh", "lat": 55.9533, "lon": -3.1883, "url": "/ports/edinburgh.html", "region": "Northern Europe"},
    {"id": "greenock", "name": "Greenock", "lat": 55.9496, "lon": -4.7640, "url": "/ports/greenock.html", "region": "Northern Europe"},
    {"id": "montego-bay", "name": "Montego Bay", "lat": 18.4762, "lon": -77.8939, "url": "/ports/montego-bay.html", "region": "Caribbean"},
    {"id": "seychelles", "name": "Seychelles (Victoria)", "lat": -4.6191, "lon": 55.4513, "url": "/ports/seychelles.html", "region": "Indian Ocean"},
    {"id": "mauritius", "name": "Mauritius (Port Louis)", "lat": -20.1609, "lon": 57.5012, "url": "/ports/mauritius.html", "region": "Indian Ocean"},
    {"id": "fiji", "name": "Fiji (Lautoka)", "lat": -17.6163, "lon": 177.4509, "url": "/ports/fiji.html", "region": "South Pacific"},
    {"id": "gran-canaria", "name": "Gran Canaria", "lat": 28.1235, "lon": -15.4363, "url": "/ports/gran-canaria.html", "region": "Atlantic Europe"},
    {"id": "lanzarote", "name": "Lanzarote", "lat": 28.9630, "lon": -13.5477, "url": "/ports/lanzarote.html", "region": "Atlantic Europe"},
    {"id": "ponta-delgada", "name": "Ponta Delgada", "lat": 37.7394, "lon": -25.6687, "url": "/ports/ponta-delgada.html", "region": "Atlantic Europe"},
    {"id": "ocho-rios", "name": "Ocho Rios", "lat": 18.4074, "lon": -77.1050, "url": "/ports/ocho-rios.html", "region": "Caribbean"},
    {"id": "st-barts", "name": "St. Barts", "lat": 17.8958, "lon": -62.8508, "url": "/ports/st-barts.html", "region": "Caribbean"},
    {"id": "acapulco", "name": "Acapulco", "lat": 16.8531, "lon": -99.8237, "url": "/ports/acapulco.html", "region": "Mexican Riviera"},
    {"id": "colon", "name": "Colón", "lat": 9.3547, "lon": -79.9004, "url": "/ports/colon.html", "region": "Central America"},
    {"id": "san-francisco", "name": "San Francisco", "lat": 37.8030, "lon": -122.3965, "url": "/ports/san-francisco.html", "region": "US West Coast"},
    {"id": "portofino", "name": "Portofino", "lat": 44.3036, "lon": 9.2096, "url": "/ports/portofino.html", "region": "Mediterranean"},
    {"id": "capri", "name": "Capri", "lat": 40.5507, "lon": 14.2224, "url": "/ports/capri.html", "region": "Mediterranean"},
    {"id": "haifa", "name": "Haifa", "lat": 32.8191, "lon": 34.9983, "url": "/ports/haifa.html", "region": "Mediterranean"},
    {"id": "limassol", "name": "Limassol", "lat": 34.6786, "lon": 33.0413, "url": "/ports/limassol.html", "region": "Mediterranean"},
    {"id": "ha-long-bay", "name": "Ha Long Bay", "lat": 20.9101, "lon": 107.1839, "url": "/ports/ha-long-bay.html", "region": "Asia"},
    {"id": "koh-samui", "name": "Koh Samui", "lat": 9.5120, "lon": 99.9427, "url": "/ports/koh-samui.html", "region": "Asia"},
    {"id": "maldives", "name": "Maldives (Malé)", "lat": 4.1755, "lon": 73.5093, "url": "/ports/maldives.html", "region": "Indian Ocean"},
    {"id": "zanzibar", "name": "Zanzibar", "lat": -6.1622, "lon": 39.1921, "url": "/ports/zanzibar.html", "region": "Africa"},
    {"id": "puerto-madryn", "name": "Puerto Madryn", "lat": -42.7692, "lon": -65.0385, "url": "/ports/puerto-madryn.html", "region": "South America"},
    {"id": "sorrento", "name": "Sorrento", "lat": 40.6263, "lon": 14.3758, "url": "/ports/sorrento.html", "region": "Mediterranean"},
    {"id": "komodo", "name": "Komodo", "lat": -8.5500, "lon": 119.4833, "url": "/ports/komodo.html", "region": "Asia"},
    {"id": "moorea", "name": "Moorea", "lat": -17.5388, "lon": -149.8295, "url": "/ports/moorea.html", "region": "South Pacific"},
    {"id": "colombo", "name": "Colombo", "lat": 6.9271, "lon": 79.8612, "url": "/ports/colombo.html", "region": "Asia"},
    {"id": "doha", "name": "Doha", "lat": 25.2854, "lon": 51.5310, "url": "/ports/doha.html", "region": "Middle East"},
    {"id": "salvador", "name": "Salvador", "lat": -12.9714, "lon": -38.5014, "url": "/ports/salvador.html", "region": "South America"},
    {"id": "hvar", "name": "Hvar", "lat": 43.1729, "lon": 16.4411, "url": "/ports/hvar.html", "region": "Mediterranean"},
    {"id": "akureyri", "name": "Akureyri", "lat": 65.6885, "lon": -18.0878, "url": "/ports/akureyri.html", "region": "Northern Europe"},
    {"id": "falkland-islands", "name": "Falkland Islands (Stanley)", "lat": -51.6920, "lon": -57.8570, "url": "/ports/falkland-islands.html", "region": "South Atlantic"},
    {"id": "kobe", "name": "Kobe", "lat": 34.6901, "lon": 135.1956, "url": "/ports/kobe.html", "region": "Asia"},
    {"id": "nha-trang", "name": "Nha Trang", "lat": 12.2388, "lon": 109.1967, "url": "/ports/nha-trang.html", "region": "Asia"},
    {"id": "bodrum", "name": "Bodrum", "lat": 37.0343, "lon": 27.4305, "url": "/ports/bodrum.html", "region": "Mediterranean"},
    {"id": "vanuatu", "name": "Port Vila (Vanuatu)", "lat": -17.7333, "lon": 168.3167, "url": "/ports/vanuatu.html", "region": "South Pacific"},
    {"id": "jeju", "name": "Jeju Island", "lat": 33.4996, "lon": 126.5312, "url": "/ports/jeju.html", "region": "Asia"},
    {"id": "noumea", "name": "Noumea", "lat": -22.2758, "lon": 166.4580, "url": "/ports/noumea.html", "region": "South Pacific"},
    {"id": "apia", "name": "Apia", "lat": -13.8333, "lon": -171.7500, "url": "/ports/apia.html", "region": "South Pacific"},
    {"id": "tonga", "name": "Nuku'alofa (Tonga)", "lat": -21.2114, "lon": -175.1998, "url": "/ports/tonga.html", "region": "South Pacific"},
    {"id": "manaus", "name": "Manaus", "lat": -3.1190, "lon": -60.0217, "url": "/ports/manaus.html", "region": "South America"},
    {"id": "goa", "name": "Goa (Mormugao)", "lat": 15.4023, "lon": 73.8012, "url": "/ports/goa.html", "region": "Asia"},
    {"id": "hiroshima", "name": "Hiroshima", "lat": 34.3853, "lon": 132.4553, "url": "/ports/hiroshima.html", "region": "Asia"},
    {"id": "langkawi", "name": "Langkawi", "lat": 6.3500, "lon": 99.8000, "url": "/ports/langkawi.html", "region": "Asia"},
    {"id": "lombok", "name": "Lombok", "lat": -8.5833, "lon": 116.1167, "url": "/ports/lombok.html", "region": "Asia"},
    {"id": "darwin", "name": "Darwin", "lat": -12.4634, "lon": 130.8456, "url": "/ports/darwin.html", "region": "Australia"},
    {"id": "klaipeda", "name": "Klaipeda", "lat": 55.7033, "lon": 21.1443, "url": "/ports/klaipeda.html", "region": "Northern Europe"},
    {"id": "rostock", "name": "Rostock (Warnemünde)", "lat": 54.1833, "lon": 12.0833, "url": "/ports/rostock.html", "region": "Northern Europe"},
    {"id": "patmos", "name": "Patmos", "lat": 37.3111, "lon": 26.5478, "url": "/ports/patmos.html", "region": "Mediterranean"},
    {"id": "zakynthos", "name": "Zakynthos (Zante)", "lat": 37.7870, "lon": 20.8979, "url": "/ports/zakynthos.html", "region": "Mediterranean"},
    {"id": "walvis-bay", "name": "Walvis Bay", "lat": -22.9575, "lon": 14.5053, "url": "/ports/walvis-bay.html", "region": "Africa"},
    {"id": "dakar", "name": "Dakar", "lat": 14.6928, "lon": -17.4467, "url": "/ports/dakar.html", "region": "Africa"},
    {"id": "agadir", "name": "Agadir", "lat": 30.4278, "lon": -9.5981, "url": "/ports/agadir.html", "region": "Africa"},
    {"id": "cephalonia", "name": "Cephalonia (Kefalonia)", "lat": 38.1747, "lon": 20.4894, "url": "/ports/cephalonia.html", "region": "Mediterranean"},
    {"id": "guam", "name": "Guam", "lat": 13.4443, "lon": 144.7937, "url": "/ports/guam.html", "region": "Pacific"},
    {"id": "saipan", "name": "Saipan", "lat": 15.2123, "lon": 145.7545, "url": "/ports/saipan.html", "region": "Pacific"},
    {"id": "palau", "name": "Palau (Koror)", "lat": 7.5150, "lon": 134.5825, "url": "/ports/palau.html", "region": "Pacific"},
    {"id": "suva", "name": "Suva", "lat": -18.1416, "lon": 178.4419, "url": "/ports/suva.html", "region": "South Pacific"},
    {"id": "luanda", "name": "Luanda", "lat": -8.8368, "lon": 13.2343, "url": "/ports/luanda.html", "region": "Africa"},
    {"id": "mindelo", "name": "Mindelo", "lat": 16.8900, "lon": -24.9800, "url": "/ports/mindelo.html", "region": "Atlantic"},
    {"id": "portimao", "name": "Portimão", "lat": 37.1367, "lon": -8.5380, "url": "/ports/portimao.html", "region": "Atlantic"},
    {"id": "gijon", "name": "Gijón", "lat": 43.5453, "lon": -5.6619, "url": "/ports/gijon.html", "region": "Atlantic"},
    {"id": "yangon", "name": "Yangon", "lat": 16.8661, "lon": 96.1951, "url": "/ports/yangon.html", "region": "Asia"},
    {"id": "praia", "name": "Praia", "lat": 14.9315, "lon": -23.5087, "url": "/ports/praia.html", "region": "Atlantic"},
    {"id": "lautoka", "name": "Lautoka", "lat": -17.6092, "lon": 177.4530, "url": "/ports/lautoka.html", "region": "South Pacific"},
    {"id": "sharm-el-sheikh", "name": "Sharm el-Sheikh", "lat": 27.8586, "lon": 34.3228, "url": "/ports/sharm-el-sheikh.html", "region": "Middle East"},
    {"id": "hurghada", "name": "Hurghada", "lat": 27.2579, "lon": 33.8116, "url": "/ports/hurghada.html", "region": "Middle East"},
    {"id": "hakodate", "name": "Hakodate", "lat": 41.7688, "lon": 140.7290, "url": "/ports/hakodate.html", "region": "Asia"},
    {"id": "incheon", "name": "Incheon", "lat": 37.4563, "lon": 126.7052, "url": "/ports/incheon.html", "region": "Asia"},
    {"id": "kota-kinabalu", "name": "Kota Kinabalu", "lat": 5.9749, "lon": 116.0724, "url": "/ports/kota-kinabalu.html", "region": "Asia"},
    {"id": "sihanoukville", "name": "Sihanoukville", "lat": 10.6093, "lon": 103.5296, "url": "/ports/sihanoukville.html", "region": "Asia"},
    {"id": "brunei", "name": "Bandar Seri Begawan (Brunei)", "lat": 4.8903, "lon": 114.9422, "url": "/ports/brunei.html", "region": "Asia"},
    {"id": "port-moresby", "name": "Port Moresby", "lat": -9.4438, "lon": 147.1803, "url": "/ports/port-moresby.html", "region": "Pacific"},
    {"id": "manila", "name": "Manila", "lat": 14.5995, "lon": 120.9842, "url": "/ports/manila.html", "region": "Asia"},
    {"id": "ho-chi-minh", "name": "Ho Chi Minh City", "lat": 10.8231, "lon": 106.6297, "url": "/ports/ho-chi-minh.html", "region": "Asia"},
    {"id": "christchurch", "name": "Christchurch (Lyttelton)", "lat": -43.5321, "lon": 172.6362, "url": "/ports/christchurch.html", "region": "Pacific"},
    {"id": "bay-of-islands", "name": "Bay of Islands", "lat": -35.2622, "lon": 174.0900, "url": "/ports/bay-of-islands.html", "region": "Pacific"},
    {"id": "durban", "name": "Durban", "lat": -29.8587, "lon": 31.0218, "url": "/ports/durban.html", "region": "Africa"},
    {"id": "mombasa", "name": "Mombasa", "lat": -4.0435, "lon": 39.6682, "url": "/ports/mombasa.html", "region": "Africa"},
    {"id": "hamburg", "name": "Hamburg", "lat": 53.5511, "lon": 9.9937, "url": "/ports/hamburg.html", "region": "Northern Europe"},
    {"id": "callao", "name": "Callao (Lima)", "lat": -12.0464, "lon": -77.1428, "url": "/ports/callao.html", "region": "South America"},
    {"id": "santos", "name": "Santos", "lat": -23.9608, "lon": -46.3336, "url": "/ports/santos.html", "region": "South America"},
    {"id": "olden", "name": "Olden", "lat": 61.8311, "lon": 6.8142, "url": "/ports/olden.html", "region": "Northern Europe"},
    {"id": "tianjin", "name": "Tianjin (Beijing)", "lat": 39.0842, "lon": 117.2009, "url": "/ports/tianjin.html", "region": "Asia"},
    {"id": "taipei", "name": "Taipei (Keelung)", "lat": 25.1276, "lon": 121.7392, "url": "/ports/taipei.html", "region": "Asia"},
    {"id": "napier", "name": "Napier", "lat": -39.4902, "lon": 176.9120, "url": "/ports/napier.html", "region": "Pacific"},
    {"id": "mystery-island", "name": "Mystery Island", "lat": -20.0756, "lon": 169.8511, "url": "/ports/mystery-island.html", "region": "South Pacific"},
    {"id": "lifou", "name": "Lifou", "lat": -20.9000, "lon": 167.2333, "url": "/ports/lifou.html", "region": "South Pacific"},
    {"id": "dravuni", "name": "Dravuni Island", "lat": -18.7667, "lon": 178.5333, "url": "/ports/dravuni.html", "region": "South Pacific"},
    {"id": "port-elizabeth", "name": "Port Elizabeth (Gqeberha)", "lat": -33.9608, "lon": 25.6022, "url": "/ports/port-elizabeth.html", "region": "Africa"},
    {"id": "maputo", "name": "Maputo", "lat": -25.9692, "lon": 32.5732, "url": "/ports/maputo.html", "region": "Africa"},
    {"id": "nosy-be", "name": "Nosy Be", "lat": -13.3167, "lon": 48.2667, "url": "/ports/nosy-be.html", "region": "Africa"},
    {"id": "recife", "name": "Recife", "lat": -8.0476, "lon": -34.8770, "url": "/ports/recife.html", "region": "South America"}
  ]
}
